nombre,marca,categoria,precio_eur,peso_kg,precio_por_kg,tienda,url,fecha_scraping
BCAA'S INSTANTÁNEO 2:1:1 2.0 150g,,BCAA,4.35,0.15,29.0,HSN,https://www.hsnstore.com/marcas/raw-series/bcaas-instantaneo-2-1-1-2-0,2026-04-03
BCAA + Glutamine 500g,Quamtrax Direct,BCAA,17.9,0.5,35.8,Nutritienda,https://www.nutritienda.com/es/quamtrax-direct/bcaa-glutamine-500g,2026-04-03
BCAA'S INSTANTÁNEO 4:1:1 2.0 150g,,BCAA,5.45,0.15,36.33,HSN,https://www.hsnstore.com/marcas/raw-series/bcaa-s-instantaneo-4-1-1-2-0,2026-04-03
BCAA 2:1:1 300 g,,BCAA,11.89,0.3,39.63,Prozis,https://www.prozis.com/es/es/prozis/bcaa-211-300-g,2026-04-03
High Energy Gel Bcaa 76g,226ers,BCAA,3.15,0.076,41.45,Nutritienda,https://www.nutritienda.com/es/226ers/high-energy-gel-bcaa-76g,2026-04-03
BCAA+GLUTAMINE 500g,Ramificados,BCAA,21.28,0.5,42.56,Nutritienda,https://www.nutritienda.com/es/best-protein/bcaa-glutamine-500g,2026-04-03
Bcaa+Glutamine Concept 500g,MEGA PLUS,BCAA,22.04,0.5,44.08,Nutritienda,https://www.nutritienda.com/es/mega-plus/bcaa-glutamine-concept-500g,2026-04-03
BCAA'S + GLUTAMINA 400g,Aminoácidos,BCAA,18.99,0.4,47.47,Nutritienda,https://www.nutritienda.com/es/amazin-foods/bcaa-glutamina-400g,2026-04-03
Zero BCAA 300 g,,BCAA,14.31,0.3,47.7,Prozis,https://www.prozis.com/es/es/prozis/zero-bcaa-300-g,2026-04-03
PREMIUM BCAA ZERO 8:1:1 + L-GLUTAMINA 500g,Weider,BCAA,28.48,0.5,56.96,Nutritienda,https://www.nutritienda.com/es/weider/premium-bcaa-zero-811-l-glutamina-500g,2026-04-03
BCAA 2:1:1 500g,Life Pro Nutrition,BCAA,28.9,0.5,57.8,Nutritienda,https://www.nutritienda.com/es/life-pro-nutrition/bcaa-2-1-1-500g,2026-04-03
BCAAs 8:1:1 Powder 300g,Eurosup,BCAA,18.0,0.3,60.0,Nutritienda,https://www.nutritienda.com/es/eurosup/bcaas-8-1-1-powder-300g,2026-04-03
Bcaa+Glutamine Core 300g,Procell,BCAA,18.14,0.3,60.47,Nutritienda,https://www.nutritienda.com/es/procell/bcaa-glutamine-core-300g,2026-04-03
Hardcore BCAA 390g,Mutant,BCAA,23.9,0.39,61.28,Nutritienda,https://www.nutritienda.com/es/mutant/hardcore-bcaa-390g,2026-04-03
BCAA 8:1:1 300 g,,BCAA,18.74,0.3,62.47,Prozis,https://www.prozis.com/es/es/prozis/bcaa-811-300-g,2026-04-03
Hydra BCAA's 420g,Quamtrax,BCAA,28.9,0.42,68.81,Nutritienda,https://www.nutritienda.com/es/quamtrax/hydra-bcaas-420g,2026-04-03
GLUTAMINA & BCAAS 2:1:1 300g,Be Essential,BCAA,20.65,0.3,68.83,Nutritienda,https://www.nutritienda.com/es/be-essential/glutamina-bcaas-211-300g,2026-04-03
AFTER 420g,Biotech USA,BCAA,29.9,0.42,71.19,Nutritienda,https://www.nutritienda.com/es/biotech-usa/after-post-entrenamiento-420g,2026-04-03
Bcaa+Glutamine 600g,MEGA PLUS,BCAA,43.01,0.6,71.68,Nutritienda,https://www.nutritienda.com/es/mega-plus/bcaa-glutamine-600g,2026-04-03
Bcaa Sensation 345g,DEDICATED NUTRITION,BCAA,24.99,0.345,72.43,Nutritienda,https://www.nutritienda.com/es/dedicated-nutrition/bcaa-sensation-345g,2026-04-03
Zero BCAA 150 g,,BCAA,11.04,0.15,73.6,Prozis,https://www.prozis.com/es/es/prozis/zero-bcaa-150-g,2026-04-03
EVO 4:1:1 (BCAA'S INSTANTÁNEOS) EN POLVO 150g,,BCAA,12.1,0.15,80.67,HSN,https://www.hsnstore.com/marcas/sport-series/evo-4-1-1-bcaa-s-instantaneos-en-polvo,2026-04-03
BCAA + GLUTAMINE ZERO 480g,Biotech USA,BCAA,38.9,0.48,81.04,Nutritienda,https://www.nutritienda.com/es/biotech-usa/bcaa-glutamina-zero-480g,2026-04-03
EVOBCAA'S COMPLEX EN POLVO 150g,,BCAA,12.83,0.15,85.53,HSN,https://www.hsnstore.com/marcas/sport-series/evobcaas-complex-en-polvo,2026-04-03
BCAA Xpress 280g,Scitec,BCAA,24.9,0.28,88.93,Nutritienda,https://www.nutritienda.com/es/scitec/bcaa-xpress-280g,2026-04-03
BCAA 8:1:1 300g,Beverly Nutrition,BCAA,27.9,0.3,93.0,Nutritienda,https://www.nutritienda.com/es/beverly-nutrition/bcaa-8-1-1-300g,2026-04-03
EVOBCAA'S 2.0 (BCAA'S 12:1:1 + GLUTAMINA) 150g,,BCAA,13.95,0.15,93.0,HSN,https://www.hsnstore.com/marcas/sport-series/evobcaa-s-2-0-bcaas-12-1-1-glutamina,2026-04-03
BCAA 12:1:1 Glutamina Kojak 400g,Big,BCAA,37.75,0.4,94.38,Nutritienda,https://www.nutritienda.com/es/big/bcaa-12-1-1-glutamina-kojak-400g,2026-04-03
BCAA INSTANT DRINK 300g,,BCAA,34.0,0.3,113.33,Nutritienda,https://www.nutritienda.com/es/amix-performance/bcaa-instant-drink-300g,2026-04-03
AMINOÁCIDOS RAMIFICADOS BCAA'S 120 Caps,KEEPGOING,BCAA,22.05,,,Nutritienda,https://www.nutritienda.com/es/keepgoing/aminoacidos-ramificados-bcaa-120-caps,2026-04-03
Muscle BCAA 4:1:1 120 VCaps,DMI Innovative Nutrition,BCAA,17.5,,,Nutritienda,https://www.nutritienda.com/es/dmi-innovative-nutrition/muscle-bcaa-4-1-1-120-capsulas-vegetales,2026-04-03
Amino Recovery 120 Caps,Amazin' Foods,BCAA,11.99,,,Nutritienda,https://www.nutritienda.com/es/amazin-foods/amino-recovery-120-capsulas,2026-04-03
4:1:1 Anabolic BCAA 150 Caps,Starlabs Nutrition,BCAA,19.71,,,Nutritienda,https://www.nutritienda.com/es/starlabs-nutrition/4-1-1-anabolic-bcaa-150-capsulas,2026-04-03
"6,4 Amino+ 120 Caps",Glutamina + BCAAs,BCAA,27.0,,,Nutritienda,https://www.nutritienda.com/es/226ers/6-4-amino-glutamina-bcaas-120-caps,2026-04-03
BCAA 4:1:1 Competition 150 Caps,Mega Plus,BCAA,23.21,,,Nutritienda,https://www.nutritienda.com/es/mega-plus/bcaa-4-1-1-competition-150-capsulas,2026-04-03
BCAA'S 2:1:1 200 Tabs,Aminoácidos ramificados,BCAA,14.9,,,Nutritienda,https://www.nutritienda.com/es/amazin-foods/bcaas-211-aminoacidos-ramificados-200-tabs,2026-04-03
BCAA+ 8:1:1 200 Tabs,+Watt,BCAA,35.25,,,Nutritienda,https://www.nutritienda.com/es/watt/bcaa-8-1-1-200-tabs,2026-04-03
EVO 2:1:1 (BCAA'S 2:1:1 + VITAMINAS B6 Y B12),,BCAA,9.3,,,HSN,https://www.hsnstore.com/marcas/sport-series/evo-2-1-1-bcaa-s-2-1-1-vitaminas-b6-y-b12,2026-04-03
EVO 4:1:1 (BCAA'S 4:1:1 + VITAMINAS B6 Y B12),,BCAA,10.4,,,HSN,https://www.hsnstore.com/marcas/sport-series/evo-4-1-1-bcaa-s-4-1-1-vitaminas-b6-y-b12,2026-04-03
BCAA 8:1:1 180 tabs,,BCAA,13.99,,,Prozis,https://www.prozis.com/es/es/prozis/bcaa-811-180-tabs,2026-04-03
BCAA + Glutamine 30 servings,,BCAA,13.49,,,Prozis,https://www.prozis.com/es/es/prozis/bcaa-glutamine-30-servings,2026-04-03
Amino Recovery 20 servings,,BCAA,14.99,,,Prozis,https://www.prozis.com/es/es/prozis/amino-recovery-20-servings,2026-04-03
BCAA 2:1:1 200 tabs,,BCAA,16.19,,,Prozis,https://www.prozis.com/es/es/prozis/bcaa-211-200-tabs,2026-04-03
Amino Prime Caffeine Free 20 Servings,,BCAA,14.39,,,Prozis,https://www.prozis.com/es/es/prozis/amino-prime-caffeine-free-20-servings,2026-04-03
Amino Prime 20 servings,,BCAA,12.99,,,Prozis,https://www.prozis.com/es/es/prozis/amino-prime-20-servings,2026-04-03
BCAA 4:1:1 100 tabs,,BCAA,7.99,,,Prozis,https://www.prozis.com/es/es/prozis/bcaa-411-100-tabs,2026-04-03
BCAA 8:1:1 360 tabs,,BCAA,26.24,,,Prozis,https://www.prozis.com/es/es/prozis/bcaa-811-360-tabs,2026-04-03
2 x Recovery RTD 500 mL Wild Berry,,BCAA,2.86,,,Prozis,https://www.prozis.com/es/es/prozis/2-x-recovery-rtd-500-ml-wild-berry,2026-04-03
2 x Recovery RTD 500 mL Orange,,BCAA,2.86,,,Prozis,https://www.prozis.com/es/es/prozis/2-x-recovery-rtd-500-ml-orange,2026-04-03
BCAA 2:1:1 - 400 tabs,,BCAA,30.76,,,Prozis,https://www.prozis.com/es/es/prozis/bcaa-211-400-tabs,2026-04-03
3 x BCAA Drink 500 mL,,BCAA,3.8,,,Prozis,https://www.prozis.com/es/es/prozis/3-x-bcaa-drink-500-ml,2026-04-03
BCAA + Glutamine 60 servings,,BCAA,24.29,,,Prozis,https://www.prozis.com/es/es/prozis/bcaa-glutamine-60-servings,2026-04-03
BCAA Comprimidos,,BCAA,8.99,,,MyProtein,https://www.myprotein.es/p/nutricion-deportiva/bcaa-comprimidos/10529813/,2026-04-03
BCAA 2:1:1,,BCAA,13.49,,,MyProtein,https://www.myprotein.es/p/nutricion-deportiva/bcaa-2-1-1/10529280/,2026-04-03
BCAA Esenciales 4:1:1 Cápsulas,,BCAA,12.49,,,MyProtein,https://www.myprotein.es/p/nutricion-deportiva/bcaa-esenciales-4-1-1-capsulas/10860388/,2026-04-03
Origin Intra-Workout,,BCAA,32.99,,,MyProtein,https://www.myprotein.es/p/nutricion-deportiva/origin-intra-workout/16872733/,2026-04-03
BCAA 4:1:1 en polvo,,BCAA,16.99,,,MyProtein,https://www.myprotein.es/p/nutricion-deportiva/bcaa-4-1-1-en-polvo/10830546/,2026-04-03
CREATINA MONOHIDRATO EN POLVO (200 MESH) 150g,,Creatina,2.37,0.15,15.8,HSN,https://www.hsnstore.com/marcas/raw-series/creatina-monohidrato-en-polvo-200-mesh,2026-04-03
EVOCREATINE 500g,,Creatina,9.99,0.5,19.98,HSN,https://www.hsnstore.com/marcas/sport-series/evocreatine,2026-04-03
Cellbest Extreme 1.3 Kg,Vitobest,Creatina,33.12,1.3,25.48,Nutritienda,https://www.nutritienda.com/es/vitobest/cellbest-extreme-1300g,2026-04-03
CREATINA MONOHIDRATO ULTRAFINA EN POLVO (500 MESH) 500g,,Creatina,14.04,0.5,28.08,HSN,https://www.hsnstore.com/marcas/raw-series/creatina-monohidrato-ultrafina-en-polvo-500-mesh,2026-04-03
Creatina Monohidratada Sabores 500g,Máximo Rendimiento,Creatina,16.99,0.5,33.98,Nutritienda,https://www.nutritienda.com/es/bulk/creatina-monohidratada-sabores-500g,2026-04-03
Creatina Monohidrato 200 MESH 300g,,Creatina,15.49,0.3,51.63,Nutritienda,https://www.nutritienda.com/es/drasanvi/creatina-monohidrato-200-mesh-300g,2026-04-03
Creatina GlycoFusion 300 g,,Creatina,15.59,0.3,51.97,Prozis,https://www.prozis.com/es/es/prozis/creatina-glycofusion-300-g,2026-04-03
Battery Creatine 500g,Rendimiento Deportivo,Creatina,26.99,0.5,53.98,Nutritienda,https://www.nutritienda.com/es/battery-nutrition/battery-creatine-500g,2026-04-03
Monohidrato de creatina 600 g,,Creatina,32.49,0.6,54.15,Prozis,https://www.prozis.com/es/es/prozis/monohidrato-de-creatina-600-g,2026-04-03
CR5 CREATINA 1000g,¡Ultra pura!,Creatina,60.21,1.0,60.21,Nutritienda,https://www.nutritienda.com/es/starlabs-nutrition/cr5-creatina-1000g,2026-04-03
Creatine Xplode Powder 500g,Olimp,Creatina,30.28,0.5,60.56,Nutritienda,https://www.nutritienda.com/es/olimp/creatine-xplode-powder-500g,2026-04-03
CREATINA 306g,Cellucor,Creatina,18.95,0.306,61.93,Nutritienda,https://www.nutritienda.com/es/cellucor/creatina-306g,2026-04-03
Creatina Creapure 400g,Amazin' Foods,Creatina,24.9,0.4,62.25,Nutritienda,https://www.nutritienda.com/es/amazin-foods/creatina-creapure-400g,2026-04-03
Monohidrato de Creatina 300 g,,Creatina,18.84,0.3,62.8,Prozis,https://www.prozis.com/es/es/prozis/monohidrato-de-creatina-300-g,2026-04-03
Monohidrato de creatina en polvo - Chupa Chups de sandía 250g,,Creatina,16.99,0.25,67.96,MyProtein,https://www.myprotein.es/p/nutricion-deportiva/monohidrato-de-creatina-en-polvo-chupa-chups-de-sandia/17526822/,2026-04-03
Crea200 Mesh Creatine Monohydrate 500g,DMI Innovative Nutrition,Creatina,34.9,0.5,69.8,Nutritienda,https://www.nutritienda.com/es/dmi-innovative-nutrition/crea200-mesh-creatine-monohydrate-500g,2026-04-03
Creatina MicronPure 600 g,,Creatina,41.99,0.6,69.98,Prozis,https://www.prozis.com/es/es/prozis/creatina-micronpure-600-g,2026-04-03
Crea Extreme Tank 300g,Beverly Nutrition,Creatina,21.25,0.3,70.83,Nutritienda,https://www.nutritienda.com/es/beverly-nutrition/crea-extreme-tank-300g,2026-04-03
Creatina Creapure Neutra 500g,Bavarian Elite,Creatina,37.2,0.5,74.4,Nutritienda,https://www.nutritienda.com/es/bavarian-elite/creatina-creapure-neutra-500g,2026-04-03
Creatina Creapure® 300 g,,Creatina,22.74,0.3,75.8,Prozis,https://www.prozis.com/es/es/prozis/creatina-creapure-300-g,2026-04-03
Creatina MicronPure 300 g,,Creatina,23.39,0.3,77.97,Prozis,https://www.prozis.com/es/es/prozis/creatina-micronpure-300-g,2026-04-03
Creatine Ultra Fresh 200Mesh 300g,DMI Innovative Nutrition,Creatina,23.9,0.3,79.67,Nutritienda,https://www.nutritienda.com/es/dmi-innovative-nutrition/creatine-ultra-fresh-200mesh-300g,2026-04-03
Pure Creatine Powder 300g,Fire Nutrition,Creatina,24.9,0.3,83.0,Nutritienda,https://www.nutritienda.com/es/fire-nutrition/pure-creatine-powder-300g,2026-04-03
Creatina Monohydrate Creapure 300g,Quamtrax,Creatina,24.9,0.3,83.0,Nutritienda,https://www.nutritienda.com/es/quamtrax/creatina-monohydrate-creapure-300g,2026-04-03
R-Weiler Focus 300g,Olimp,Creatina,25.8,0.3,86.0,Nutritienda,https://www.nutritienda.com/es/olimp/r-weiler-focus-300g,2026-04-03
Creatina Ultra Pure 200MESH 150g,Zoomad Labs,Creatina,12.9,0.15,86.0,Nutritienda,https://www.nutritienda.com/es/zoomad-labs/creatina-ultra-pure-200mesh-150g,2026-04-03
Creatine Monohydrate 200Mesh 300g,Life Pro Nutrition,Creatina,27.9,0.3,93.0,Nutritienda,https://www.nutritienda.com/es/life-pro-nutrition/creatine-monohydrate-200mesh-300g,2026-04-03
Platinum 100% Creatine Monohydrate 200g,Muscletech,Creatina,19.99,0.2,99.95,Nutritienda,https://www.nutritienda.com/es/muscletech/platinum-100-creatine-monohydrate-200g,2026-04-03
Creatina MicronPure 600g,,Creatina,62.99,0.6,104.98,Prozis,https://www.prozis.com/es/es/prozis/creatina-micronpure-600g,2026-04-03
Zero Creatine 300 g,,Creatina,33.38,0.3,111.27,Prozis,https://www.prozis.com/es/es/prozis/zero-creatine-300-g,2026-04-03
Zero Creatine 150 g,,Creatina,21.59,0.15,143.93,Prozis,https://www.prozis.com/es/es/prozis/zero-creatine-150-g,2026-04-03
CREATINA EXCELL (100% Creapure®) EN POLVO 150g,,Creatina,22.9,0.15,152.67,HSN,https://www.hsnstore.com/marcas/raw-series/creatina-excell-100-creapure-en-polvo,2026-04-03
Creatina Creapure® Professional 150 g,,Creatina,30.79,0.15,205.27,Prozis,https://www.prozis.com/es/es/prozis/creatina-creapure-professional-150-g,2026-04-03
THE Creatine (Creapure) |Sobres monodosis 10g,,Creatina,19.99,0.01,1999.0,MyProtein,https://www.myprotein.es/p/nutricion-deportiva/the-creatine-creapure-sobres-monodosis/16630358/,2026-04-03
Kre-Alkalyn 120 VCaps,Amazin' Foods,Creatina,18.99,,,Nutritienda,https://www.nutritienda.com/es/amazin-foods/kre-alkalyn-120-capsulas-vegetales,2026-04-03
Creatine Mix 120 Caps,Soul Project,Creatina,28.0,,,Nutritienda,https://www.nutritienda.com/es/soul-project/creatine-mix-120-caps,2026-04-03
Creatine Competition 150 Tabs,Mega Plus,Creatina,19.55,,,Nutritienda,https://www.nutritienda.com/es/mega-plus/creatine-competition-150-tabletas,2026-04-03
Kre-Alkalyn® 120 + 30 Caps,AMIX NUTRITION,Creatina,41.7,,,Nutritienda,https://www.nutritienda.com/es/amix-nutrition-kre-alkalyn-150-caps,2026-04-03
Kre-Alkalyn 3000 120 Caps,QUAMTRAX,Creatina,26.9,,,Nutritienda,https://www.nutritienda.com/es/quamtrax-kre-alkalyn-3000-120-caps,2026-04-03
Kre-Alkalyn 2250 mg 100 Caps,Life Pro Nutrition,Creatina,23.9,,,Nutritienda,https://www.nutritienda.com/es/life-pro-nutrition/kre-alkalyn-2250-mg-100-capsulas,2026-04-03
Mega Creatine Monohydrate 1320 120 Caps,Scitec,Creatina,30.9,,,Nutritienda,https://www.nutritienda.com/es/scitec/mega-creatine-monohydrate-1320-120-capsulas,2026-04-03
Applied Nutrition CreaFlow™ Creatina Líquida Pura 500 ml,,Creatina,19.9,,,Nutritienda,https://www.nutritienda.com/es/applied-nutrition/creaflo-pure-liquid-creatine-500-ml,2026-04-03
Black Line Creatine Creapure Capsules 300 VCaps,Amix Nutrition,Creatina,54.5,,,Nutritienda,https://www.nutritienda.com/es/amix-nutrition/black-line-creatine-creapure-capsules-300-capsulas-vegetales,2026-04-03
CREATINE 2500 - 200 Caps,OPTIMUM NUTRITION,Creatina,33.49,,,Nutritienda,https://www.nutritienda.com/es/optimum-nutrition-creatine-2500-200caps,2026-04-03
CREATINE ZERO EFFERVESCENT 16 Tabs,,Creatina,7.5,,,Nutritienda,https://www.nutritienda.com/es/biotech-usa/creatine-zero-effervescent-16-tabs,2026-04-03
Creatine HCL 120 Caps,Amix Pro,Creatina,28.9,,,Nutritienda,https://www.nutritienda.com/es/amix-pro/creatine-hcl-120-caps,2026-04-03
CREATINA MONOHIDRATO (1000mg CREATINA),,Creatina,8.35,,,HSN,https://www.hsnstore.com/marcas/essential-series/creatina-monohidrato-1000mg-creatina,2026-04-03
EVOKALYN CREATINA ALCALINA,,Creatina,19.55,,,HSN,https://www.hsnstore.com/marcas/sport-series/evokalyn-creatina-alcalina,2026-04-03
CREATINA EXCELL 1000mg (100% Creapure®),,Creatina,13.95,,,HSN,https://www.hsnstore.com/marcas/essential-series/creatina-excell-1000mg-100-creapure,2026-04-03
Creatina Creapure® 80 cápsulas,,Creatina,23.99,,,Prozis,https://www.prozis.com/es/es/prozis/creatina-creapure-80-capsulas,2026-04-03
Monohidrato de Creatina 90 comprimidos,,Creatina,17.99,,,Prozis,https://www.prozis.com/es/es/prozis/monohidrato-de-creatina-90-comprimidos,2026-04-03
Creatine Creapure® 320 caps,,Creatina,67.52,,,Prozis,https://www.prozis.com/es/es/prozis/creatine-creapure-320-caps,2026-04-03
Creatina Creapure® 90 comprimidos masticables,,Creatina,34.99,,,Prozis,https://www.prozis.com/es/es/prozis/creatina-creapure-90-comprimidos-masticables,2026-04-03
Creatina Monohidrato en Tabletas,,Creatina,27.99,,,MyProtein,https://www.myprotein.es/p/nutricion-deportiva/creatina-monohidrato-en-tabletas/10575029/,2026-04-03
Creatina Monohidrato en polvo,,Creatina,6.99,,,MyProtein,https://www.myprotein.es/p/nutricion-deportiva/creatina-monohidrato-en-polvo/10530050/,2026-04-03
Gominolas de creatina,,Creatina,8.99,,,MyProtein,https://www.myprotein.es/p/nutricion-deportiva/gominolas-de-creatina/13528283/,2026-04-03
Creatina Micronizada Creapure® Cápsulas,,Creatina,37.99,,,MyProtein,https://www.myprotein.es/p/nutricion-deportiva/creatina-micronizada-creapure-capsulas/10574930/,2026-04-03
Pack Get Stronger,,Creatina,39.99,,,MyProtein,https://www.myprotein.es/p/nutricion-deportiva/pack-get-stronger/14970298/,2026-04-03
THE Creatine Creapure®,,Creatina,25.99,,,MyProtein,https://www.myprotein.es/p/nutricion-deportiva/the-creatine-creapure/10529740/,2026-04-03
Pack Essentials Protein,,Creatina,45.99,,,MyProtein,https://www.myprotein.es/p/nutricion-deportiva/pack-essentials-protein/15758094/,2026-04-03
Pack Gainer,,Creatina,59.99,,,MyProtein,https://www.myprotein.es/p/nutricion-deportiva/pack-gainer/13437013/,2026-04-03
Creatina HCL,,Creatina,6.99,,,MyProtein,https://www.myprotein.es/p/nutricion-deportiva/creatina-hcl/17169974/,2026-04-03
THE Electrofuel,,Creatina,17.99,,,MyProtein,https://www.myprotein.es/p/nutricion-deportiva/the-electrofuel/16570434/,2026-04-03
THE Electropower | Creatina + Electrolitos,,Creatina,24.99,,,MyProtein,https://www.myprotein.es/p/nutricion-deportiva/the-electropower-creatina-electrolitos/16663175/,2026-04-03
Mezcla de Vitaminas,,Creatina,47.99,,,MyProtein,https://www.myprotein.es/p/nutricion-deportiva/mezcla-de-vitaminas/11060427/,2026-04-03
Pack de Rendimiento,,Creatina,104.99,,,MyProtein,https://www.myprotein.es/p/nutricion-deportiva/pack-de-rendimiento/15722526/,2026-04-03
Pack Proteico,,Creatina,61.99,,,MyProtein,https://www.myprotein.es/p/nutricion-deportiva/pack-proteico/15722525/,2026-04-03
Pack Clear Performance,,Creatina,41.99,,,MyProtein,https://www.myprotein.es/p/nutricion-deportiva/pack-clear-performance/15288056/,2026-04-03
BICARBONATO DE SODIO EN POLVO 150g,,Pre-Entreno,0.84,0.15,5.6,HSN,https://www.hsnstore.com/marcas/raw-series/bicarbonato-de-sodio-en-polvo,2026-04-03
ISOMALTULOSA (Palatinose™) EN POLVO 1kg,,Pre-Entreno,7.79,1.0,7.79,HSN,https://www.hsnstore.com/marcas/raw-series/isomaltulosa-palatinose-en-polvo,2026-04-03
Pre-workout Protein Mug Cake - Speculoos 400 g,,Pre-Entreno,8.99,0.4,22.47,Prozis,https://www.prozis.com/es/es/prozis/pre-workout-protein-mug-cake-speculoos-400-g,2026-04-03
Pre-workout Protein Mug Cake - Café y Caramelo 400 g,,Pre-Entreno,8.99,0.4,22.47,Prozis,https://www.prozis.com/es/es/prozis/pre-workout-protein-mug-cake-cafe-y-caramelo-400-g,2026-04-03
Pre-workout Protein Mug Cake - Chocolate 400 g,,Pre-Entreno,8.99,0.4,22.47,Prozis,https://www.prozis.com/es/es/prozis/pre-workout-protein-mug-cake-chocolate-400-g,2026-04-03
Pre-workout Protein Mug Cake Premix - Vainilla y Pepitas de Chocolate 400 g,,Pre-Entreno,8.99,0.4,22.47,Prozis,https://www.prozis.com/es/es/prozis/pre-workout-protein-mug-cake-premix-vainilla-y-pepitas-de-chocolate-400-g,2026-04-03
Energy Charge - Preentrenamiento 800 g,,Pre-Entreno,19.54,0.8,24.42,Prozis,https://www.prozis.com/es/es/prozis/energy-charge-preentrenamiento-800-g,2026-04-03
Beta-alanina 900 g,,Pre-Entreno,23.99,0.9,26.66,Prozis,https://www.prozis.com/es/es/prozis/beta-alanina-900-g,2026-04-03
N.O. Shox 1320g,,Pre-Entreno,35.99,1.32,27.27,Prozis,https://www.prozis.com/es/es/prozis/n.o.-shox-1320g,2026-04-03
BETA-ALANINA EN POLVO 150g,,Pre-Entreno,4.42,0.15,29.47,HSN,https://www.hsnstore.com/marcas/raw-series/beta-alanina-en-polvo,2026-04-03
ACEITE MCT LÍQUIDO - 473ml 473g,,Pre-Entreno,14.75,0.473,31.18,HSN,https://www.hsnstore.com/marcas/now-foods/aceite-mct-liquido-473ml,2026-04-03
Beta-alanina 300 g,,Pre-Entreno,9.74,0.3,32.47,Prozis,https://www.prozis.com/es/es/prozis/beta-alanina-300-g,2026-04-03
N.O. Shox 660 g,,Pre-Entreno,22.49,0.66,34.08,Prozis,https://www.prozis.com/es/es/prozis/n.o.-shox-660-g,2026-04-03
Glicina 100g,,Pre-Entreno,3.49,0.1,34.9,MyProtein,https://www.myprotein.es/p/nutricion-deportiva/glicina/10530386/,2026-04-03
L-arginina 300 g,,Pre-Entreno,12.74,0.3,42.47,Prozis,https://www.prozis.com/es/es/prozis/l-arginina-300-g,2026-04-03
Glycopump® (GLICEROL) EN POLVO 150g,,Pre-Entreno,6.67,0.15,44.47,HSN,https://www.hsnstore.com/marcas/raw-series/glycopump-glicerol-en-polvo,2026-04-03
L-CITRULINA BASE EN POLVO 150g,,Pre-Entreno,7.1,0.15,47.33,HSN,https://www.hsnstore.com/marcas/raw-series/l-citrulina-base-en-polvo,2026-04-03
B10 PUMP EFFECT PRE WORKOUT 400g,NUTRISPORT,Pre-Entreno,20.79,0.4,51.97,Nutritienda,https://www.nutritienda.com/es/nutrisport/b-10-pump-effect-400g,2026-04-03
ÁCIDO MÁLICO EN POLVO 150g,,Pre-Entreno,8.04,0.15,53.6,HSN,https://www.hsnstore.com/marcas/raw-series/acido-malico-en-polvo,2026-04-03
D-RIBOSA EN POLVO 150g,,Pre-Entreno,8.2,0.15,54.67,HSN,https://www.hsnstore.com/marcas/raw-series/d-ribosa-en-polvo,2026-04-03
PRE-WORKOUT WOW! 400g,¡Eficacia y rendimiento!,Pre-Entreno,21.9,0.4,54.75,Nutritienda,https://www.nutritienda.com/es/amazin-foods/pre-workout-wow-pre-entrenamiento-400g,2026-04-03
L-ARGININA ALFA-CETOGLUTARATO (AAKG) EN POLVO 150g,,Pre-Entreno,8.35,0.15,55.67,HSN,https://www.hsnstore.com/marcas/raw-series/arginina-alfa-cetoglutarato-aakg-en-polvo,2026-04-03
L-citrulina malato 300g,,Pre-Entreno,17.99,0.3,59.97,Prozis,https://www.prozis.com/es/es/prozis/l-citrulina-malato-300g,2026-04-03
N1 PRE-WORKOUT 510g,NUTREND,Pre-Entreno,32.6,0.51,63.92,Nutritienda,https://www.nutritienda.com/es/nutred/n1-pre-workout-510g,2026-04-03
BETA-ALANINA (CarnoSyn®) EN POLVO 150g,,Pre-Entreno,11.14,0.15,74.27,HSN,https://www.hsnstore.com/marcas/raw-series/beta-alanina-carnosyn-en-polvo,2026-04-03
Cellex Unlimited 1 Kg,Amix Nutrition,Pre-Entreno,76.7,1.0,76.7,Nutritienda,https://www.nutritienda.com/es/amix-nutrition/cellex-unlimited-1-kg,2026-04-03
Impact Pre-Entreno – Venom 440g,,Pre-Entreno,34.99,0.44,79.52,MyProtein,https://www.myprotein.es/p/nutricion-deportiva/impact-pre-entreno-venom/17585477/,2026-04-03
Prework Core Series 300g,Procell,Pre-Entreno,24.09,0.3,80.3,Nutritienda,https://www.nutritienda.com/es/procell/prework-core-series-300g,2026-04-03
EXPLOSIN 420g,NUTREND,Pre-Entreno,34.7,0.42,82.62,Nutritienda,https://www.nutritienda.com/es/nutrend-explosin-420g,2026-04-03
ATP Extreme 440g,Vitobest,Pre-Entreno,36.72,0.44,83.45,Nutritienda,https://www.nutritienda.com/es/vitobest/atp-extreme-440g,2026-04-03
L-citrulina malato 150 g,,Pre-Entreno,12.59,0.15,83.93,Prozis,https://www.prozis.com/es/es/prozis/l-citrulina-malato-150-g,2026-04-03
Yeep Pump No Caff 360g,Amix Nutrition,Pre-Entreno,32.5,0.36,90.28,Nutritienda,https://www.nutritienda.com/es/amix-nutrition/yeep-pump-no-caff-360g,2026-04-03
Venom Pre Workout Full Strenght 300g,Life Pro Nutrition,Pre-Entreno,29.9,0.3,99.67,Nutritienda,https://www.nutritienda.com/es/life-pro-nutrition/venom-pre-workout-full-strenght-300g,2026-04-03
Energy Storm 300g,Beverly Nutrition,Pre-Entreno,30.56,0.3,101.87,Nutritienda,https://www.nutritienda.com/es/beverly-nutrition/energy-storm-300g,2026-04-03
Pre Workout Caffeine 300g,226ers,Pre-Entreno,31.5,0.3,105.0,Nutritienda,https://www.nutritienda.com/es/226ers/pre-workout-caffeine-300g,2026-04-03
EVORDX 2.0 150g,,Pre-Entreno,16.74,0.15,111.6,HSN,https://www.hsnstore.com/marcas/sport-series/evordx-2-0,2026-04-03
NITRO SPEED 350g,,Pre-Entreno,40.95,0.35,117.0,Nutritienda,https://www.nutritienda.com/es/big/nitro-speed-350g,2026-04-03
L-Ornitina HCL en polvo 250g,,Pre-Entreno,29.99,0.25,119.96,MyProtein,https://www.myprotein.es/p/nutricion-deportiva/l-ornitina-hcl-en-polvo/10529383/,2026-04-03
M.A.P. GLYCEROMAX 340g,¡Fórmula pre-entrenamiento!,Pre-Entreno,43.0,0.34,126.47,Nutritienda,https://www.nutritienda.com/es/amix-pro/map-glyceromax-340g,2026-04-03
Origin Stim-Free Pre-Workout (muestra) 20g,,Pre-Entreno,2.55,0.02,127.5,MyProtein,https://www.myprotein.es/p/nutricion-deportiva/origin-stim-free-pre-workout-muestra/14269813/,2026-04-03
Pack Regalo Cellup Oxystorm 348g + Tribu ZMA 30 Caps,Amix Nutrition,Pre-Entreno,46.5,0.348,133.62,Nutritienda,https://www.nutritienda.com/es/amix-nutrition/pack-regalo-cellup-oxystorm-348g-tribu-zma-30-caps,2026-04-03
Cellup With Oxystorm 348g,Amix Nutrition,Pre-Entreno,46.5,0.348,133.62,Nutritienda,https://www.nutritienda.com/es/amix-nutrition/cellup-with-oxystorm-348g,2026-04-03
L-Teanina en polvo 100g,,Pre-Entreno,14.79,0.1,147.9,MyProtein,https://www.myprotein.es/p/nutricion-deportiva/l-teanina-en-polvo/10530035/,2026-04-03
EVOPUMP EN POLVO 150g,,Pre-Entreno,22.95,0.15,153.0,HSN,https://www.hsnstore.com/marcas/sport-series/evopump-en-polvo,2026-04-03
EVOBOMB 150g,,Pre-Entreno,24.7,0.15,164.67,HSN,https://www.hsnstore.com/marcas/sport-series/evobomb,2026-04-03
EVOBEAST 50g,,Pre-Entreno,16.18,0.05,323.6,HSN,https://www.hsnstore.com/marcas/sport-series/evobeast,2026-04-03
3 x Sachet POWA 3.0 Pre-Workout 17.8g Cola,,Pre-Entreno,4.56,0.008,570.0,Prozis,https://www.prozis.com/es/es/prozis/3-x-sachet-powa-3.0-pre-workout-17.8g-cola,2026-04-03
EVOSTAMINA 20g,,Pre-Entreno,16.74,0.02,837.0,HSN,https://www.hsnstore.com/marcas/sport-series/evostamina,2026-04-03
3 x Sachet POWA 3.0 Pre-Workout 17.5g Apple,,Pre-Entreno,4.56,0.005,912.0,Prozis,https://www.prozis.com/es/es/prozis/3-x-sachet-powa-3.0-pre-workout-17.5g-apple,2026-04-03
Caffeine Caps 60 Caps,Nutrend,Pre-Entreno,6.1,,,Nutritienda,https://www.nutritienda.com/es/nutrend/caffeine-caps-60-capsulas,2026-04-03
ARGININE AKG 150 Caps,Arginina Alfa-cetoglutarato,Pre-Entreno,16.2,,,Nutritienda,https://www.nutritienda.com/es/peak/arginine-akg-150-caps,2026-04-03
Monster Ultra Paradise 500 ml,Monster Energy,Pre-Entreno,1.75,,,Nutritienda,https://www.nutritienda.com/es/monster-energy/monster-ultra-paradise-500-ml,2026-04-03
X-Fat 2 En 1 Shot 60 ml,Amix Nutrition,Pre-Entreno,2.09,,,Nutritienda,https://www.nutritienda.com/es/amix-nutrition/x-fat-2-en-1-shot-60-ml,2026-04-03
Powder Starter Energy Drink 500 ml,Weider | Nutritienda,Pre-Entreno,1.66,,,Nutritienda,https://www.nutritienda.com/es/weider/powder-starter-energy-drink-500ml,2026-04-03
Monster Mango Loco 24 Uds de 500ml,Monster Energy | Nutritienda,Pre-Entreno,40.5,,,Nutritienda,https://www.nutritienda.com/es/monster-energy/monster-mango-loco-24-uds-de-500ml,2026-04-03
MONSTER ENERGY 500ml,Monster Energy | Nutritienda,Pre-Entreno,1.75,,,Nutritienda,https://www.nutritienda.com/es/monster-energy/energy-500ml,2026-04-03
C4 Original PWO Shot 12 Uds 60 ml,Cellucor,Pre-Entreno,23.99,,,Nutritienda,https://www.nutritienda.com/es/cellucor/c4-original-pwo-shot-12-unidades-60-ml,2026-04-03
X-FAT 2 EN 1 SHOT 20 Viales de 60ml,Amix Nutrition,Pre-Entreno,44.0,,,Nutritienda,https://www.nutritienda.com/es/amix-nutrition/x-fat-2-en-1-shot-20-viales-de-60ml,2026-04-03
NOCCO BCAA 330ml,Rico en BCAA y cafeína,Pre-Entreno,1.95,,,Nutritienda,https://www.nutritienda.com/es/nocco/nocco-bcaa-330ml,2026-04-03
NITRIX 2.0 180 Tabs,BSN,Pre-Entreno,36.9,,,Nutritienda,https://www.nutritienda.com/es/bsn/nitrix-2-0-180-tabs,2026-04-03
Nitronox Shot 60 ml 20 Uds,Amix Nutrition,Pre-Entreno,44.0,,,Nutritienda,https://www.nutritienda.com/es/amix-nutrition/nitronox-shot-60-ml-20-unidades,2026-04-03
MONSTER ULTRA RED 500ml,Monster Energy | Nutritienda,Pre-Entreno,1.75,,,Nutritienda,https://www.nutritienda.com/es/monster-energy/monster-ultra-red-500ml,2026-04-03
EXTRACTO DE AMARANTO Oxystorm® (50:1) 650mg,,Pre-Entreno,24.84,,,HSN,https://www.hsnstore.com/marcas/essential-series/extracto-de-amaranto-oxystorm-50-1-650mg,2026-04-03
L-ALANIL-L-GLUTAMINA 300mg,,Pre-Entreno,21.99,,,HSN,https://www.hsnstore.com/marcas/essential-series/l-alanil-l-glutamina-300mg,2026-04-03
CAFEÍNA NATURAL 200mg,,Pre-Entreno,5.54,,,HSN,https://www.hsnstore.com/marcas/essential-series/cafeina-natural-200mg,2026-04-03
EVOPUMP,,Pre-Entreno,30.8,,,HSN,https://www.hsnstore.com/marcas/sport-series/evopump,2026-04-03
EVORIPPED,,Pre-Entreno,22.5,,,HSN,https://www.hsnstore.com/marcas/sport-series/evoripped,2026-04-03
ARGININA ALFA-CETOGLUTARATO 1000mg (AAKG),,Pre-Entreno,10.02,,,HSN,https://www.hsnstore.com/marcas/essential-series/arginina-alfa-cetoglutarato-1000mg-aakg,2026-04-03
BETA-ALANINA 1000mg (CarnoSyn®),,Pre-Entreno,16.74,,,HSN,https://www.hsnstore.com/marcas/essential-series/beta-alanina-1000mg-carnosyn,2026-04-03
CUTTING COMPLEX,,Pre-Entreno,15.43,,,HSN,https://www.hsnstore.com/marcas/vitaminalia/cutting-complex,2026-04-03
CAFEÍNA HÍBRIDA 200mg,,Pre-Entreno,13.48,,,HSN,https://www.hsnstore.com/marcas/vitaminalia/cafeina-hibrida-200mg,2026-04-03
Big Shot - Pre-Workout 46 servings,,Pre-Entreno,17.49,,,Prozis,https://www.prozis.com/es/es/prozis/big-shot-pre-workout-46-servings,2026-04-03
12 x Big Shot - Pre-Workout 60 mL,,Pre-Entreno,15.99,,,Prozis,https://www.prozis.com/es/es/prozis/12-x-big-shot-pre-workout-60-ml,2026-04-03
POWA 3.0 Pre-Workout 20 servings,,Pre-Entreno,26.99,,,Prozis,https://www.prozis.com/es/es/prozis/powa-3.0-pre-workout-20-servings,2026-04-03
Big Shot - Pre-Workout sin cafeína 46 dosis,,Pre-Entreno,17.49,,,Prozis,https://www.prozis.com/es/es/prozis/big-shot-pre-workout-sin-cafeina-46-dosis,2026-04-03
Extreme Big Shot - Pre-Workout 20 servings,,Pre-Entreno,22.49,,,Prozis,https://www.prozis.com/es/es/prozis/extreme-big-shot-pre-workout-20-servings,2026-04-03
L-citrulina 2250 mg 90 comprimidos,,Pre-Entreno,12.59,,,Prozis,https://www.prozis.com/es/es/prozis/l-citrulina-2250-mg-90-comprimidos,2026-04-03
X-Boost - Ultimate Gaming Pre-Workout 25 servings,,Pre-Entreno,27.99,,,Prozis,https://www.prozis.com/es/es/prozis/x-boost-ultimate-gaming-pre-workout-25-servings,2026-04-03
Big Shot - Pre-Workout 23 servings,,Pre-Entreno,11.19,,,Prozis,https://www.prozis.com/es/es/prozis/big-shot-pre-workout-23-servings,2026-04-03
Beta-alanina 100 cápsulas,,Pre-Entreno,9.09,,,Prozis,https://www.prozis.com/es/es/prozis/beta-alanina-100-capsulas,2026-04-03
L-arginina 2400 mg 90 comprimidos,,Pre-Entreno,11.24,,,Prozis,https://www.prozis.com/es/es/prozis/l-arginina-2400-mg-90-comprimidos,2026-04-03
AAKG - L-arginina AKG 60 cápsulas,,Pre-Entreno,6.29,,,Prozis,https://www.prozis.com/es/es/prozis/aakg-l-arginina-akg-60-capsulas,2026-04-03
Big Shot - Pre-Workout - 8 sticks,,Pre-Entreno,6.29,,,Prozis,https://www.prozis.com/es/es/prozis/big-shot-pre-workout-8-sticks,2026-04-03
L-arginina L-ornitina L-lisina 120 cápsulas,,Pre-Entreno,8.24,,,Prozis,https://www.prozis.com/es/es/prozis/l-arginina-l-ornitina-l-lisina-120-capsulas,2026-04-03
2 x Big Shot - Pre-Workout 60ml,,Pre-Entreno,2.37,,,Prozis,https://www.prozis.com/es/es/prozis/2-x-big-shot-pre-workout-60ml,2026-04-03
POWA 3.0 Pre-Workout 40 servings,,Pre-Entreno,44.99,,,Prozis,https://www.prozis.com/es/es/prozis/powa-3.0-pre-workout-40-servings,2026-04-03
AAKG - L-arginina AKG 180 cápsulas,,Pre-Entreno,16.19,,,Prozis,https://www.prozis.com/es/es/prozis/aakg-l-arginina-akg-180-capsulas,2026-04-03
L-Arginina 2400 mg 180 comprimidos,,Pre-Entreno,19.18,,,Prozis,https://www.prozis.com/es/es/prozis/l-arginina-2400-mg-180-comprimidos,2026-04-03
L-arginina L-ornitina L-lisina 360 cápsulas,,Pre-Entreno,19.99,,,Prozis,https://www.prozis.com/es/es/prozis/l-arginina-l-ornitina-l-lisina-360-capsulas,2026-04-03
Beta-Alanine 90 cápsulas,,Pre-Entreno,8.99,,,Prozis,https://www.prozis.com/es/es/prozis/beta-alanine-90-capsulas,2026-04-03
Big Shot - Pre-Workout 90 tabs,,Pre-Entreno,13.29,,,Prozis,https://www.prozis.com/es/es/prozis/big-shot-pre-workout-90-tabs,2026-04-03
RIPPED Pre-Workout Ultra Concentrated 20 dosis,,Pre-Entreno,26.99,,,Prozis,https://www.prozis.com/es/es/prozis/ripped-pre-workout-ultra-concentrated-20-dosis,2026-04-03
Big Shot - Pre-Workout 180 tabs,,Pre-Entreno,26.99,,,Prozis,https://www.prozis.com/es/es/prozis/big-shot-pre-workout-180-tabs,2026-04-03
2 x N.O. MaxShot 60ml,,Pre-Entreno,3.22,,,Prozis,https://www.prozis.com/es/es/prozis/2-x-n.o.-maxshot-60ml,2026-04-03
Origin Pre-Entreno,,Pre-Entreno,21.99,,,MyProtein,https://www.myprotein.es/p/nutricion-deportiva/origin-pre-entreno/12941037/,2026-04-03
THE Electro - HYROX,,Pre-Entreno,21.99,,,MyProtein,https://www.myprotein.es/p/nutricion-deportiva/the-electro-hyrox/14205282/,2026-04-03
Impact EAA,,Pre-Entreno,16.99,,,MyProtein,https://www.myprotein.es/p/nutricion-deportiva/impact-eaa/11985042/,2026-04-03
Cafeína Pura Comprimidos,,Pre-Entreno,10.99,,,MyProtein,https://www.myprotein.es/p/nutricion-deportiva/cafeina-pura-comprimidos/10529801/,2026-04-03
THE Electrofuel - HYROX,,Pre-Entreno,17.99,,,MyProtein,https://www.myprotein.es/p/nutricion-deportiva/the-electrofuel-hyrox/15152024/,2026-04-03
Origin Pre-Entreno Dry Scoop,,Pre-Entreno,14.99,,,MyProtein,https://www.myprotein.es/p/nutricion-deportiva/origin-pre-entreno-dry-scoop/14024015/,2026-04-03
L-Carnitina Comprimidos,,Pre-Entreno,7.49,,,MyProtein,https://www.myprotein.es/p/nutricion-deportiva/l-carnitina-comprimidos/10530146/,2026-04-03
Origin Pre-Entreno Sin Estimulantes,,Pre-Entreno,21.99,,,MyProtein,https://www.myprotein.es/p/nutricion-deportiva/origin-pre-entreno-sin-estimulantes/14269805/,2026-04-03
Mezcla Pre-Entreno,,Pre-Entreno,12.99,,,MyProtein,https://www.myprotein.es/p/nutricion-deportiva/mezcla-pre-entreno/11542703/,2026-04-03
Citrulina Malato,,Pre-Entreno,11.99,,,MyProtein,https://www.myprotein.es/p/nutricion-deportiva/citrulina-malato/10529326/,2026-04-03
Thermopure,,Pre-Entreno,16.49,,,MyProtein,https://www.myprotein.es/p/nutricion-deportiva/thermopure/10530152/,2026-04-03
Gel Pre-Entreno,,Pre-Entreno,16.99,,,MyProtein,https://www.myprotein.es/p/nutricion-deportiva/gel-pre-entreno/10798884/,2026-04-03
L-glutamina Comprimidos,,Pre-Entreno,11.49,,,MyProtein,https://www.myprotein.es/p/nutricion-deportiva/l-glutamina-comprimidos/10575971/,2026-04-03
L-Carnitina Líquida,,Pre-Entreno,14.99,,,MyProtein,https://www.myprotein.es/p/nutricion-deportiva/l-carnitina-liquida/11162594/,2026-04-03
L-Glutamina en polvo,,Pre-Entreno,10.49,,,MyProtein,https://www.myprotein.es/p/nutricion-deportiva/l-glutamina-en-polvo/10636931/,2026-04-03
Beta Alanina en polvo,,Pre-Entreno,7.49,,,MyProtein,https://www.myprotein.es/p/nutricion-deportiva/beta-alanina-en-polvo/10529809/,2026-04-03
Impact EAA Tablets,,Pre-Entreno,18.49,,,MyProtein,https://www.myprotein.es/p/nutricion-deportiva/impact-eaa-tablets/12493001/,2026-04-03
THE Pre-Workout,,Pre-Entreno,29.99,,,MyProtein,https://www.myprotein.es/p/nutricion-deportiva/the-pre-workout/11351672/,2026-04-03
Origin Shred Pre-Workout,,Pre-Entreno,27.99,,,MyProtein,https://www.myprotein.es/p/nutricion-deportiva/origin-shred-pre-workout/16547402/,2026-04-03
Shot Pre-Entreno,,Pre-Entreno,23.49,,,MyProtein,https://www.myprotein.es/p/nutricion-deportiva/shot-pre-entreno/12717736/,2026-04-03
AAKG,,Pre-Entreno,14.99,,,MyProtein,https://www.myprotein.es/p/nutricion-deportiva/aakg/10529763/,2026-04-03
Impact Pre-Entreno – Deadpool,,Pre-Entreno,34.99,,,MyProtein,https://www.myprotein.es/p/nutricion-deportiva/impact-pre-entreno-deadpool/15771600/,2026-04-03
Gominolas Pre-Entreno,,Pre-Entreno,21.99,,,MyProtein,https://www.myprotein.es/p/nutricion-deportiva/gominolas-pre-entreno/12899623/,2026-04-03
Alpha Pre-Entreno,,Pre-Entreno,2.49,,,MyProtein,https://www.myprotein.es/p/nutricion-deportiva/alpha-pre-entreno/13757999/,2026-04-03
Impact Pre-Entreno – Lobezno,,Pre-Entreno,34.99,,,MyProtein,https://www.myprotein.es/p/nutricion-deportiva/impact-pre-entreno-lobezno/15771601/,2026-04-03
Taurina en polvo,,Pre-Entreno,7.99,,,MyProtein,https://www.myprotein.es/p/nutricion-deportiva/taurina-en-polvo/10530303/,2026-04-03
L-Carnitina en polvo,,Pre-Entreno,17.99,,,MyProtein,https://www.myprotein.es/p/nutricion-deportiva/l-carnitina-en-polvo/10529729/,2026-04-03
Pump Enhancer Cápsulas,,Pre-Entreno,21.29,,,MyProtein,https://www.myprotein.es/p/nutricion-deportiva/pump-enhancer-capsulas/10636965/,2026-04-03
L-Tirosina en polvo,,Pre-Entreno,8.49,,,MyProtein,https://www.myprotein.es/p/nutricion-deportiva/l-tirosina-en-polvo/10530186/,2026-04-03
EVOWHEY & OATS 500g,,Proteinas Whey,7.95,0.5,15.9,HSN,https://www.hsnstore.com/marcas/sport-series/evowhey-oats,2026-04-03
Mezcla de Rendimiento Todo-En-Uno 2.5kg,,Proteinas Whey,50.09,2.5,20.04,MyProtein,https://www.myprotein.es/p/nutricion-deportiva/mezcla-de-rendimiento-todo-en-uno/10530268/,2026-04-03
100% WHEY PROTEIN CONCENTRATE 500g,,Proteinas Whey,11.2,0.5,22.4,HSN,https://www.hsnstore.com/marcas/raw-series/100-whey-protein-concentrate,2026-04-03
Sustituto de Comida 800 g,,Proteinas Whey,17.99,0.8,22.49,Prozis,https://www.prozis.com/es/es/prozis/sustituto-de-comida-800-g,2026-04-03
Batido Sustitutivo de Comida Army 800 g,,Proteinas Whey,17.99,0.8,22.49,Prozis,https://www.prozis.com/es/es/prozis/batido-sustitutivo-de-comida-army-800-g,2026-04-03
Whey + Fibre 700g,,Proteinas Whey,16.19,0.7,23.13,Prozis,https://www.prozis.com/es/es/prozis/whey-fibre-700g,2026-04-03
EVOWHEY PROTEIN SIN EDULCORANTES 500g,,Proteinas Whey,11.76,0.5,23.52,HSN,https://www.hsnstore.com/marcas/sport-series/evowhey-protein-sin-edulcorantes,2026-04-03
Battery Complete Whey 5000g,Calidad Premium,Proteinas Whey,118.0,5.0,23.6,Nutritienda,https://www.nutritienda.com/es/battery-nutrition/battery-complete-whey-5000g,2026-04-03
GOLDEN PROTEIN 500g,,Proteinas Whey,13.99,0.5,27.98,HSN,https://www.hsnstore.com/marcas/essential-series/golden-protein,2026-04-03
IMPACT WHEY ISOLATE 2500g,MYPROTEIN,Proteinas Whey,70.51,2.5,28.2,Nutritienda,https://www.nutritienda.com/es/myprotein/impact-whey-isolate-2500g,2026-04-03
100% Real Whey Protein 2000g,,Proteinas Whey,56.69,2.0,28.34,Prozis,https://www.prozis.com/es/es/prozis/100-real-whey-protein-2000g,2026-04-03
Natural Real Whey Protein 2000g,,Proteinas Whey,57.59,2.0,28.8,Prozis,https://www.prozis.com/es/es/prozis/natural-real-whey-protein-2000g,2026-04-03
Predator Protein 4Kg,AMIX NUTRITION,Proteinas Whey,118.5,4.0,29.62,Nutritienda,https://www.nutritienda.com/es/predator-protein-4-kg,2026-04-03
Pure Whey Protein 900g,,Proteinas Whey,26.99,0.9,29.99,Nutritienda,https://www.nutritienda.com/es/bulk/pure-whey-protein-900g,2026-04-03
100% Real Whey Protein 1814g,,Proteinas Whey,56.69,1.814,31.25,Prozis,https://www.prozis.com/es/es/prozis/100-real-whey-protein-1814g,2026-04-03
100% Real Whey Protein 1000 g,,Proteinas Whey,31.49,1.0,31.49,Prozis,https://www.prozis.com/es/es/prozis/100-real-whey-protein-1000-g,2026-04-03
Natural Real Whey Protein 1814g,,Proteinas Whey,57.59,1.814,31.75,Prozis,https://www.prozis.com/es/es/prozis/natural-real-whey-protein-1814g,2026-04-03
Whey Protein Fusion 900 g,,Proteinas Whey,28.79,0.9,31.99,Prozis,https://www.prozis.com/es/es/prozis/whey-protein-fusion-900-g,2026-04-03
100% Whey Prime 1000 g,,Proteinas Whey,32.39,1.0,32.39,Prozis,https://www.prozis.com/es/es/prozis/100-whey-prime-1000-g,2026-04-03
Natural Real Whey Protein 1000 g,,Proteinas Whey,32.39,1.0,32.39,Prozis,https://www.prozis.com/es/es/prozis/natural-real-whey-protein-1000-g,2026-04-03
Battery Complete Whey 800g,Calidad Premium,Proteinas Whey,25.99,0.8,32.49,Nutritienda,https://www.nutritienda.com/es/battery-nutrition/battery-complete-whey-800g,2026-04-03
Recovery Total 700g,Vitobest,Proteinas Whey,23.94,0.7,34.2,Nutritienda,https://www.nutritienda.com/es/vitobest/recovery-total-700g,2026-04-03
100% Real Whey Protein 907g,,Proteinas Whey,31.49,0.907,34.72,Prozis,https://www.prozis.com/es/es/prozis/100-real-whey-protein-907g,2026-04-03
Whey Force Complex 1.8 Kg,Fire Nutrition,Proteinas Whey,62.9,1.8,34.94,Nutritienda,https://www.nutritienda.com/es/fire-nutrition/whey-force-complex-1800g,2026-04-03
EVOLATE 2.0 SIN EDULCORANTES (WHEY ISOLATE CFM) 500g,,Proteinas Whey,17.5,0.5,35.0,HSN,https://www.hsnstore.com/marcas/sport-series/evolate-2-0-sin-edulcorantes-whey-isolate-cfm,2026-04-03
Xtreme Whey Protein SS 2000 g,,Proteinas Whey,70.19,2.0,35.09,Prozis,https://www.prozis.com/es/es/prozis/xtreme-whey-protein-ss-2000-g,2026-04-03
Natural Real Whey Protein 907g,,Proteinas Whey,32.39,0.907,35.71,Prozis,https://www.prozis.com/es/es/prozis/natural-real-whey-protein-907g,2026-04-03
EVOEXCEL SIN EDULCORANTES (WHEY PROTEIN ISOLATE + CONCENTRATE) 500g,,Proteinas Whey,18.04,0.5,36.08,HSN,https://www.hsnstore.com/marcas/sport-series/evoexcel-sin-edulcorantes-whey-protein-isolate-concentrate,2026-04-03
EVOEXCEL 2.0 (WHEY PROTEIN ISOLATE + CONCENTRATE) 500g,,Proteinas Whey,18.04,0.5,36.08,HSN,https://www.hsnstore.com/marcas/sport-series/evoexcel-2-0-whey-protein-isolate-concentrate,2026-04-03
Whey Force Complex 908g,Fire Nutrition,Proteinas Whey,32.9,0.908,36.23,Nutritienda,https://www.nutritienda.com/es/fire-nutrition/whey-force-complex-908g,2026-04-03
Whey Protein - Freakin Good 400 g,,Proteinas Whey,15.29,0.4,38.22,Prozis,https://www.prozis.com/es/es/prozis/whey-protein-freakin-good-400-g,2026-04-03
EVOLATE 2.0 (WHEY ISOLATE CFM) 500g,,Proteinas Whey,19.38,0.5,38.76,HSN,https://www.hsnstore.com/marcas/sport-series/evolate-2-0-whey-isolate-cfm,2026-04-03
100% WHEY PROTEIN ISOLATE 500g,,Proteinas Whey,19.38,0.5,38.76,HSN,https://www.hsnstore.com/marcas/raw-series/100-whey-protein-isolate,2026-04-03
Zero Diet Whey 1500 g,,Proteinas Whey,58.49,1.5,38.99,Prozis,https://www.prozis.com/es/es/prozis/zero-diet-whey-1500-g,2026-04-03
Only Whey Minidona 1 Kg,Big,Proteinas Whey,39.9,1.0,39.9,Nutritienda,https://www.nutritienda.com/es/big/only-whey-minidona-1-kg,2026-04-03
EVOHYDRO 2.0 (HYDRO WHEY) 500g,,Proteinas Whey,20.09,0.5,40.18,HSN,https://www.hsnstore.com/marcas/sport-series/evohydro-2-0-hydro-whey,2026-04-03
Capuchino Proteico 400 g,,Proteinas Whey,16.19,0.4,40.48,Prozis,https://www.prozis.com/es/es/prozis/capuchino-proteico-400-g,2026-04-03
Latte de Caramelo Proteico 400 g,,Proteinas Whey,16.19,0.4,40.48,Prozis,https://www.prozis.com/es/es/prozis/latte-de-caramelo-proteico-400-g,2026-04-03
Latte de Caramelo Proteico - Con Cafeína Extra 400 g,,Proteinas Whey,16.19,0.4,40.48,Prozis,https://www.prozis.com/es/es/prozis/latte-de-caramelo-proteico-con-cafeina-extra-400-g,2026-04-03
Capuchino Proteico - Con Cafeína Extra 400 g,,Proteinas Whey,16.19,0.4,40.48,Prozis,https://www.prozis.com/es/es/prozis/capuchino-proteico-con-cafeina-extra-400-g,2026-04-03
Latte de Avellana Proteico 400 g,,Proteinas Whey,16.19,0.4,40.48,Prozis,https://www.prozis.com/es/es/prozis/latte-de-avellana-proteico-400-g,2026-04-03
Latte de Avellana Proteico - Con Cafeína Extra 400 g,,Proteinas Whey,16.19,0.4,40.48,Prozis,https://www.prozis.com/es/es/prozis/latte-de-avellana-proteico-con-cafeina-extra-400-g,2026-04-03
Mocachino Proteico - Con Cafeína Extra 400 g,,Proteinas Whey,16.19,0.4,40.48,Prozis,https://www.prozis.com/es/es/prozis/mocachino-proteico-con-cafeina-extra-400-g,2026-04-03
Mocachino Proteico 400 g,,Proteinas Whey,16.19,0.4,40.48,Prozis,https://www.prozis.com/es/es/prozis/mocachino-proteico-400-g,2026-04-03
Latte Proteico 400 g,,Proteinas Whey,16.19,0.4,40.48,Prozis,https://www.prozis.com/es/es/prozis/latte-proteico-400-g,2026-04-03
100% Whey Proteína Sabor Chocolate con Leche 500g,Chocolate con Leche,Proteinas Whey,20.69,0.5,41.38,Nutritienda,https://www.nutritienda.com/es/mega-plus/100-whey-proteina-sabor-chocolate-con-leche-500g,2026-04-03
Wheypro Concentrate 2 Kg,Fire Nutrition,Proteinas Whey,83.95,2.0,41.98,Nutritienda,https://www.nutritienda.com/es/fire-nutrition/wheypro-concentrate-2-kg,2026-04-03
"Myprotein Impact Whey Isolate, Chocolate Orange, 5kg",,Proteinas Whey,209.99,5.0,42.0,MyProtein,https://www.myprotein.es/p/nutricion-deportiva/myprotein-impact-whey-isolate-chocolate-orange-5kg/10962939/,2026-04-03
100% Whey Prime 400 g,,Proteinas Whey,17.09,0.4,42.72,Prozis,https://www.prozis.com/es/es/prozis/100-whey-prime-400-g,2026-04-03
100% PROTEÍNA DE SUERO HIDROLIZADO AISLADA 500g,,Proteinas Whey,21.63,0.5,43.26,HSN,https://www.hsnstore.com/marcas/raw-series/100-proteina-de-suero-hidrolizado-aislada,2026-04-03
EVOHYDRO 30HD 500g,,Proteinas Whey,22.34,0.5,44.68,HSN,https://www.hsnstore.com/marcas/sport-series/evohydro-30hd,2026-04-03
QUICK RECOVERY 600g,¡Recuperación garantizada!,Proteinas Whey,26.96,0.6,44.93,Nutritienda,https://www.nutritienda.com/es/keepgoing/quick-recovery-600g,2026-04-03
100% Real Whey Protein 400 g,,Proteinas Whey,17.99,0.4,44.97,Prozis,https://www.prozis.com/es/es/prozis/100-real-whey-protein-400-g,2026-04-03
Natural Real Whey Isolate 1814 g,,Proteinas Whey,81.89,1.814,45.14,Prozis,https://www.prozis.com/es/es/prozis/natural-real-whey-isolate-1814-g,2026-04-03
Isolate CFM Profesional 1 Kg,,Proteinas Whey,45.2,1.0,45.2,Nutritienda,https://www.nutritienda.com/es/beverly-nutrition/isolate-cfm-profesional-1-kg,2026-04-03
Zero Diet Whey 750 g,,Proteinas Whey,34.19,0.75,45.59,Prozis,https://www.prozis.com/es/es/prozis/zero-diet-whey-750-g,2026-04-03
C4 Whey Protein 1700g,Proteína Premium,Proteinas Whey,78.56,1.7,46.21,Nutritienda,https://www.nutritienda.com/es/cellucor/c4-whey-protein-1700g,2026-04-03
Isolat Competition 2 Kg,Mega Plus,Proteinas Whey,94.46,2.0,47.23,Nutritienda,https://www.nutritienda.com/es/mega-plus/isolat-competition-2-kg,2026-04-03
Isolad 3CFM Protein 1 Kg,Bavarian Elite,Proteinas Whey,47.24,1.0,47.24,Nutritienda,https://www.nutritienda.com/es/bavarian-elite/isolad-3cfm-protein-1-kg,2026-04-03
HYDRO WHEY ZERO 1816g,Proteína sin gluten,Proteinas Whey,86.9,1.816,47.85,Nutritienda,https://www.nutritienda.com/es/biotech-usa-hydro-whey-zero-1816g,2026-04-03
Isozero CFM 100% Isolate 2 Kg,Fire Nutrition,Proteinas Whey,95.9,2.0,47.95,Nutritienda,https://www.nutritienda.com/es/fire-nutrition/isozero-cfm-100-isolate-2-kg,2026-04-03
Natural Real Whey Isolate 907g,,Proteinas Whey,44.99,0.907,49.6,Prozis,https://www.prozis.com/es/es/prozis/natural-real-whey-isolate-907g,2026-04-03
Diesel New Zealand 100% Whey Isolate 908g,,Proteinas Whey,45.5,0.908,50.11,Nutritienda,https://www.nutritienda.com/es/perfect-sports/diesel-new-zealand-100-whey-isolate-908g,2026-04-03
Whey Protein+ 871g,Crown Sport Nutrition,Proteinas Whey,45.0,0.871,51.66,Nutritienda,https://www.nutritienda.com/es/crown-sport-nutrition/whey-protein-871g,2026-04-03
100% Whey Hydro Isolate Clear 700g,,Proteinas Whey,37.79,0.7,53.99,Prozis,https://www.prozis.com/es/es/prozis/100-whey-hydro-isolate-clear-700g,2026-04-03
Clear Whey Isolate 488g,Proteína Galardonada,Proteinas Whey,26.95,0.488,55.23,Nutritienda,https://www.nutritienda.com/es/myprotein/clear-whey-isolate-488g,2026-04-03
Proteína de Suero Sabor Vainilla 400g,Whey Premium,Proteinas Whey,22.38,0.4,55.95,Nutritienda,https://www.nutritienda.com/es/purasana/proteina-de-suero-sabor-vainilla-400g,2026-04-03
IsoPrime CFM 2Kg,AMIX NUTRITION,Proteinas Whey,111.9,2.0,55.95,Nutritienda,https://www.nutritienda.com/es/isoprime-cfm-2-kg,2026-04-03
Isopro CFM 500g,Quamtrax,Proteinas Whey,29.9,0.5,59.8,Nutritienda,https://www.nutritienda.com/es/quamtrax/isopro-cfm-500g,2026-04-03
ISO-FUJI 100% NATURAL 700g,Proteína,Proteinas Whey,41.9,0.7,59.86,Nutritienda,https://www.nutritienda.com/es/yamamoto-nutrition/iso-fuji-100-natural-700g,2026-04-03
"HYDROPURE WHEY 1,6 Kg",AMIX NUTRITION,Proteinas Whey,104.9,1.6,65.56,Nutritienda,https://www.nutritienda.com/es/amix-nutrition-hydropure-whey-cfm-1600g,2026-04-03
Proteína de Suero Cacao 65% Eco 400g,Orgánica,Proteinas Whey,26.35,0.4,65.88,Nutritienda,https://www.nutritienda.com/es/purasana/proteina-de-suero-cacao-65-eco-400g,2026-04-03
Isowhey 907g,Proteína Aislada Premium,Proteinas Whey,64.4,0.907,71.0,Nutritienda,https://www.nutritienda.com/es/muscletech/isowhey-907g,2026-04-03
AISLADO DE PROTEÍNA HIDROLIZADA CLEAR WHEY 500g,,Proteinas Whey,38.94,0.5,77.88,HSN,https://www.hsnstore.com/marcas/raw-series/aislado-de-proteina-hidrolizada-clear-whey,2026-04-03
Myvegan Vegan Protein Blend (Sample) 30g,,Proteinas Whey,2.49,0.03,83.0,MyProtein,https://www.myprotein.es/p/nutricion-deportiva/myvegan-vegan-protein-blend-sample/11332873/,2026-04-03
Iso Whey Clear 400g,Proteína Refrescante,Proteinas Whey,36.9,0.4,92.25,Nutritienda,https://www.nutritienda.com/es/biotechusa/iso-whey-clear-400g,2026-04-03
2 x Sachet 100% Whey Prime 25g,,Proteinas Whey,2.5,0.025,100.0,Prozis,https://www.prozis.com/es/es/prozis/2-x-sachet-100-whey-prime-25g,2026-04-03
3 x Sachet 100 % Real Whey Protein 30 g,,Proteinas Whey,3.75,0.03,125.0,Prozis,https://www.prozis.com/es/es/prozis/3-x-sachet-100-real-whey-protein-30-g,2026-04-03
KETO WHEY PROTEIN 500g,,Proteinas Whey,65.0,0.5,130.0,HSN,https://www.hsnstore.com/marcas/keto-series/keto-whey-protein,2026-04-03
CREMA DE ARROZ PROTEICA 50g,,Proteinas Whey,8.35,0.05,167.0,HSN,https://www.hsnstore.com/marcas/food-series/crema-de-arroz-proteica,2026-04-03
EVOBASIC WHEY 30g,,Proteinas Whey,10.34,0.03,344.67,HSN,https://www.hsnstore.com/marcas/sport-series/evobasic-whey,2026-04-03
EVOWHEY PROTEIN 30g,,Proteinas Whey,11.76,0.03,392.0,HSN,https://www.hsnstore.com/marcas/sport-series/evowhey-protein,2026-04-03
CAFÉ PROTEICO SIN EDULCORANTES #CaféFitConQ 35g,,Proteinas Whey,16.49,0.035,471.14,HSN,https://www.hsnstore.com/marcas/food-series/cafe-proteico-sin-edulcorantes-cafefitconq,2026-04-03
CAFÉ PROTEICO #CaféFitConQ 35g,,Proteinas Whey,16.8,0.035,480.0,HSN,https://www.hsnstore.com/marcas/food-series/cafe-proteico-cafefitconq,2026-04-03
FINISHER FUTURPRO 8 Sobres de 30g,Proteína de suero enriquecida,Proteinas Whey,15.92,0.03,530.67,Nutritienda,https://www.nutritienda.com/es/finisher/futurpro-proteina-de-suero-8-sobres-de-30-sobres,2026-04-03
EVOCLEAR HYDRO 25g,,Proteinas Whey,22.03,0.025,881.2,HSN,https://www.hsnstore.com/marcas/sport-series/evoclear-hydro,2026-04-03
Clear Whey Protein y Colágeno,,Proteinas Whey,27.99,,,MyProtein,https://www.myprotein.es/p/nutricion-deportiva/clear-whey-protein-y-colageno/17263290/,2026-04-03
Impact Whey Protein,,Proteinas Whey,31.99,,,MyProtein,https://www.myprotein.es/p/nutricion-deportiva/impact-whey-protein/10530943/,2026-04-03
Clear Whey Isolate,,Proteinas Whey,53.99,,,MyProtein,https://www.myprotein.es/p/nutricion-deportiva/clear-whey-isolate/12081395/,2026-04-03
Impact Whey Isolate,,Proteinas Whey,27.99,,,MyProtein,https://www.myprotein.es/p/nutricion-deportiva/impact-whey-isolate/10530911/,2026-04-03
Impact Whey Protein + Colágeno,,Proteinas Whey,15.99,,,MyProtein,https://www.myprotein.es/p/nutricion-deportiva/impact-whey-protein-colageno/17725536/,2026-04-03
Crema de arroz,,Proteinas Whey,11.99,,,MyProtein,https://www.myprotein.es/p/nutricion-deportiva/crema-de-arroz/13337581/,2026-04-03
Essential Whey Protein,,Proteinas Whey,12.99,,,MyProtein,https://www.myprotein.es/p/nutricion-deportiva/essential-whey-protein/11052699/,2026-04-03
Proteína de Colágeno,,Proteinas Whey,31.99,,,MyProtein,https://www.myprotein.es/p/nutricion-deportiva/proteina-de-colageno/11067704/,2026-04-03
Mezcla de Proteína Vegana,,Proteinas Whey,13.99,,,MyProtein,https://www.myprotein.es/p/nutricion-deportiva/mezcla-de-proteina-vegana/11776868/,2026-04-03
Aislado de Proteína de Soja,,Proteinas Whey,11.99,,,MyProtein,https://www.myprotein.es/p/nutricion-deportiva/aislado-de-proteina-de-soja/10529701/,2026-04-03
Mezcla Sustitutiva de Comidas Proteica,,Proteinas Whey,15.99,,,MyProtein,https://www.myprotein.es/p/nutricion-deportiva/mezcla-sustitutiva-de-comidas-proteica/11324199/,2026-04-03
Mezcla Ganador de Peso,,Proteinas Whey,17.99,,,MyProtein,https://www.myprotein.es/p/nutricion-deportiva/mezcla-ganador-de-peso/10529988/,2026-04-03
Clear Vegan Protein,,Proteinas Whey,24.99,,,MyProtein,https://www.myprotein.es/p/nutricion-deportiva/clear-vegan-protein/12360400/,2026-04-03
Impact Diet Whey,,Proteinas Whey,14.99,,,MyProtein,https://www.myprotein.es/p/nutricion-deportiva/impact-diet-whey/10530657/,2026-04-03
Aislado de Proteína de Guisante,,Proteinas Whey,9.99,,,MyProtein,https://www.myprotein.es/p/nutricion-deportiva/aislado-de-proteina-de-guisante/10530136/,2026-04-03
Smoothie para el desayuno,,Proteinas Whey,26.99,,,MyProtein,https://www.myprotein.es/p/nutricion-deportiva/smoothie-para-el-desayuno/13251950/,2026-04-03
Myprotein Clear Whey Isolate (Sample),,Proteinas Whey,1.59,,,MyProtein,https://www.myprotein.es/p/nutricion-deportiva/myprotein-clear-whey-isolate-sample/12081401/,2026-04-03
Clear Collagen Powder Tub,,Proteinas Whey,31.99,,,MyProtein,https://www.myprotein.es/p/nutricion-deportiva/clear-collagen-powder-tub/12865492/,2026-04-03
Origin Protein (con Creatina),,Proteinas Whey,38.99,,,MyProtein,https://www.myprotein.es/p/nutricion-deportiva/origin-protein-con-creatina/15245849/,2026-04-03
Clear Whey Splash,,Proteinas Whey,25.99,,,MyProtein,https://www.myprotein.es/p/nutricion-deportiva/clear-whey-splash/16111658/,2026-04-03
Origin Mass Gainer,,Proteinas Whey,34.99,,,MyProtein,https://www.myprotein.es/p/nutricion-deportiva/origin-mass-gainer/15607337/,2026-04-03
Caseína de Liberación Lenta,,Proteinas Whey,34.99,,,MyProtein,https://www.myprotein.es/p/nutricion-deportiva/caseina-de-liberacion-lenta/10798909/,2026-04-03
Supermezcla de Clear Protein,,Proteinas Whey,28.99,,,MyProtein,https://www.myprotein.es/p/nutricion-deportiva/supermezcla-de-clear-protein/14843629/,2026-04-03
Supermezcla de proteína vegetal,,Proteinas Whey,12.99,,,MyProtein,https://www.myprotein.es/p/nutricion-deportiva/supermezcla-de-proteina-vegetal/13972449/,2026-04-03
Impact Whey Protein Elite,,Proteinas Whey,32.99,,,MyProtein,https://www.myprotein.es/p/nutricion-deportiva/impact-whey-protein-elite/11243021/,2026-04-03
Clear Whey Electrolyte,,Proteinas Whey,25.99,,,MyProtein,https://www.myprotein.es/p/nutricion-deportiva/clear-whey-electrolyte/12869895/,2026-04-03
Batidos Essential,,Proteinas Whey,10.99,,,MyProtein,https://www.myprotein.es/p/nutricion-deportiva/batidos-essential/16670299/,2026-04-03
THE Whey,,Proteinas Whey,30.49,,,MyProtein,https://www.myprotein.es/p/nutricion-deportiva/the-whey/11353515/,2026-04-03
Advanced Weight Gainer,,Proteinas Whey,49.99,,,MyProtein,https://www.myprotein.es/p/nutricion-deportiva/advanced-weight-gainer/10615587/,2026-04-03
Proteína de Suero Hidrolizada,,Proteinas Whey,43.99,,,MyProtein,https://www.myprotein.es/p/nutricion-deportiva/proteina-de-suero-hidrolizada/10529805/,2026-04-03
Colágeno Marino,,Proteinas Whey,49.99,,,MyProtein,https://www.myprotein.es/p/nutricion-deportiva/colageno-marino/12376959/,2026-04-03
Clear Whey Gainer,,Proteinas Whey,54.99,,,MyProtein,https://www.myprotein.es/p/nutricion-deportiva/clear-whey-gainer/13096868/,2026-04-03
Clear Whey x Chupa Chups® sabor fresa,,Proteinas Whey,34.99,,,MyProtein,https://www.myprotein.es/p/nutricion-deportiva/clear-whey-x-chupa-chups-sabor-fresa/14866280/,2026-04-03
Total Protein,,Proteinas Whey,44.99,,,MyProtein,https://www.myprotein.es/p/nutricion-deportiva/total-protein/10529951/,2026-04-03
Clara de huevo en polvo,,Proteinas Whey,36.99,,,MyProtein,https://www.myprotein.es/p/nutricion-deportiva/clara-de-huevo-en-polvo/10529687/,2026-04-03
Aislado de Proteína de Soja (Muestra),,Proteinas Whey,2.49,,,MyProtein,https://www.myprotein.es/p/nutricion-deportiva/aislado-de-proteina-de-soja-muestra/11332868/,2026-04-03
Myvegan Plant Protein Superblend (Sample),,Proteinas Whey,2.99,,,MyProtein,https://www.myprotein.es/p/nutricion-deportiva/myvegan-plant-protein-superblend-sample/13972456/,2026-04-03
Clear All-In-One,,Proteinas Whey,29.99,,,MyProtein,https://www.myprotein.es/p/nutricion-deportiva/clear-all-in-one/13324944/,2026-04-03
Origin Protein – Iron Man – Tarta Red Velvet | MARVEL,,Proteinas Whey,63.99,,,MyProtein,https://www.myprotein.es/p/nutricion-deportiva/origin-protein-iron-man-tarta-red-velvet-marvel/16003857/,2026-04-03
